sentence_id,text_sentence,president,cluster,D1,D2,D3,D4,D5,D6,D7,D8,D9,D10,D11,D12,D13,D14,D15,D16,D17,D18
Lee_0018,풍부한 사업환경과 천연적인 자연요건은 영동을 첨단국방산업 선봉에 자리매김시킬 것으로 확신한,Lee,6,5.296756,7.7301497,3.1558867,4.036691,4.799182,4.8535414,4.4240813,3.1479502,3.9216814,5.189339,3.5051646,4.4047894,3.1288009,4.1448855,3.7911267,2.670067,4.708332,3.6611753
Lee_0041,대구선 이설지역에 생활공원 조성 및 연결도로 확보로 주민생활 개선,Lee,6,3.5474317,4.394662,4.1262274,2.223373,6.097801,2.3819296,4.142632,2.7657351,3.4304385,4.9034743,3.4765484,4.8359823,2.7506757,4.1757307,3.3345618,3.4022548,3.961391,3.9237528
Lee_0046,"아울러‘식품, 생물, 생명산업’을 적극 육성하여, 일자리 만들기 및 농업 살리기와 연계하는 발전전략을 추진하겠습니",Lee,6,5.590345,6.9173436,3.2564838,3.0272996,3.777775,4.4539213,4.3262925,3.7245126,3.8831055,5.618499,4.0054626,4.652132,2.7755637,4.9989443,4.200082,3.7025065,4.7806168,4.2605124
Lee_0054,연산동 고분군 및 배산 공원화 사업추진,Lee,6,3.0766294,5.6937847,4.0224314,3.1211748,5.511943,4.103102,4.0386543,2.8449097,3.4083643,5.042406,2.9943724,4.2682548,2.9238925,3.7644215,3.484168,2.544714,4.2227936,3.4206157
Lee_0071,"휴양림 등의 휴식공간 조성, 주민편의 증대",Lee,6,2.451132,6.849462,5.1208906,2.8560395,6.2803288,3.4090374,5.2678137,3.4141073,4.0996976,6.1429267,3.6737733,5.26898,2.8350682,4.693448,4.1476684,3.6985185,4.7728834,4.3753943
Lee_0074,"자연과 인간, 문화가 함께하는‘친환경 녹색문화지구’로서 주거환경개선과 재정비 사업이 이루어지도록 노력하고, 인근 도심의 문화쉼터로 조성될 수 있도록“자연생 태체험학습장”을 건립하도록 하겠습니",Lee,6,3.5719604,5.856038,4.8333926,2.6074288,5.055953,3.0249064,4.5320807,3.202032,3.8974144,5.309514,3.6596758,5.142243,2.5940952,4.7656097,3.7651334,4.085789,4.3366814,4.6167154
Lee_0080,"서울시내 최대 수목원으로 차별화, 구로의 새로운 명소로 조성",Lee,6,4.7625556,6.5729628,3.7585404,2.6080508,6.7480497,3.194684,5.1779613,3.4464731,3.918129,5.1686835,3.5772927,4.978673,2.90174,4.2450075,3.5241776,2.915744,4.517988,3.6808338
Lee_0099,"생태농업체험마을 조성으로 도농교류활성화 및 농외소득 창출 사천의 백년희망, 매력적인 교육도시 사천을 만들겠습니",Lee,6,2.2630243,7.4564033,5.5931334,3.4895892,7.359091,4.57375,5.4977074,3.4652896,4.4613595,6.498255,3.9155483,5.871872,3.3401003,4.889364,4.415007,3.791977,5.2850237,4.743479
Lee_0110,"또한 여의도와 신길동을 잇는 문화인도교를 이용하여 여의도 공원을 영등포의 중심공원으로 활성화하기 위해, 총사업비 억 원 중 년 현재 억 원을 확보 하여 추진 중입니",Lee,6,4.2656875,5.711666,4.030928,2.6822648,4.317477,3.1524873,4.7576323,4.041928,3.9824507,5.804816,3.9041104,4.8049555,2.4897897,4.979169,4.1640396,4.0247173,4.765497,4.3795953
Lee_0121,"농업과 축산을 연계한 ,ha 규모의 친환경농업단지 조성",Lee,6,5.350963,6.936282,3.0859365,2.4577825,5.094075,3.6806617,4.827922,3.699998,3.8224666,5.793644,4.049955,4.837694,2.7637491,4.924011,4.1040115,3.4988573,4.748187,4.009723
Lee_0130,굴뚝 없는 첨단 친환경 산업단지로 조성,Lee,6,6.7479987,8.619848,2.5054471,1.6999569,5.0391054,4.932024,4.894454,3.9844327,3.6410196,6.250214,4.287041,4.891473,2.8032918,5.4850345,4.452105,3.483564,4.994233,3.995964
Lee_0142,원도심권 활성화를 위한 사업으로 해양공원 및 친수공간을 확대하고 남산공원 등 도심공원을 재조성하고 서시장등 재래시장 환경개선을 지원함으로써 국내외 방문객들이 언제든지 방문하여도 여수시가 깔끔하고 아름답고 환경 친화적이라는 인상을 갖게 함으로써 재방문과 소비를 촉진하는 것이 필요함.,Lee,6,4.1624036,6.200084,3.7974825,2.5413063,6.522973,2.9573047,5.052785,3.3810906,3.9104562,5.5531006,3.8888128,5.14752,2.88515,4.5561385,3.8105693,3.4292636,4.5816846,4.048742
Lee_0143,",억원으로 추정되는 사업비 확보를 위해 금년부터 울산시와 사업비 확보계획 및 공원조성계획을 본격적으로 추진",Lee,6,4.881415,4.9718647,3.3483093,2.0900035,6.4595127,3.1821773,4.438856,3.4882393,3.2846386,4.863257,3.1119733,4.2579336,2.795104,3.8712778,3.2973142,2.3013937,4.220454,2.9645753
Lee_0151,[친주민 친환경공간 조성] 하천수질을 개선하고 자연재료를 이용하여 생태계를 복원 시켜 서울의 청계천 양재천과 같은 친주민 친환경 공간으로 개발 제대 선거구명 여상규,Lee,6,1.4398371,5.15717,3.64351,2.1751902,6.1973085,3.2810843,4.5794544,3.1791515,3.4698691,5.040064,3.18142,4.4601054,2.535715,3.6525664,3.4582534,2.705415,4.191358,3.355464
Lee_0159,"영광에는 만평 규모의 산업단지를 조성해 자동차 부품, IT, 바이오, 식품, 신재 생에너지 등 친환경 산업을 유치하겠습니",Lee,6,4.986282,7.8080688,2.5298955,2.3516705,5.147129,4.3666325,4.377222,2.9682188,3.245292,4.7826347,3.0878816,3.9529648,2.702939,3.8491545,3.3605905,2.174333,4.1398025,2.919518
Lee_0168,"국회차원에서 친환경농산물 생산과 판로개척을 위한 지원예산을 확보하고, 농협과의 협의를 통해 유덕동의 친환경 농산물에 대한 판로개척에 적극 나서 도농복합지역의 실질소득 증가를 위한 다양한 법적 지원방안을 만들어나가겠습니",Lee,6,3.0183039,5.8495193,3.6243925,2.8435116,3.9490373,4.470423,3.9185085,3.377996,3.4163475,5.3595223,3.0778031,3.7557325,2.666349,4.017542,3.8763828,2.720755,4.3309584,3.3145332
Lee_0173,지역별 공원확충 = 갈산공원의 조속한 완공으로 부족한 공원확보에 노력하여 시민들이 휴식하고 즐길 수 있는 공간을 만들겠습니,Lee,6,2.949889,6.628664,4.703884,2.8013775,5.989238,3.07292,5.089242,3.2941313,3.9949887,5.8068905,3.6788101,5.139391,2.7637239,4.629619,3.975133,3.7079167,4.610191,4.3216295
Lee_0178,친환경 농산물의 안정적인 유통기반 마련,Lee,6,6.0089474,7.196822,3.081597,2.393359,4.226684,3.6884198,4.645443,3.778575,3.5953877,5.4886975,3.5602992,4.1336393,2.5810065,4.697854,3.95293,3.0063334,4.5355215,3.4720368
Lee_0179,여천천의 명품 생태하천 조성과 여가편의시설 확충,Lee,6,4.086636,5.305944,3.75389,2.7378535,4.609125,2.801055,4.45982,3.5171957,3.6744883,5.546838,3.750587,4.7672396,2.476687,4.73537,3.9355998,3.810373,4.532305,4.2762012
Lee_0182,봉제산 대형공원화 단계적 추진,Lee,6,4.4993386,7.477241,3.697485,2.9787345,5.960516,4.1665187,5.052808,3.545158,3.9585364,6.019893,3.9064252,5.059494,3.0106626,4.774431,4.174414,3.3349853,4.934379,4.093977
Lee_0204,이에 보은의 관광자원과 바이오산업을 연계시켜 지역경제 활성화를 극대화할 수 있는 방안이 필요하,Lee,6,1.8379521,6.2230754,3.7206614,2.2658863,5.722081,3.588019,4.5539827,2.9491043,3.3916035,4.86664,2.925062,4.220124,2.4975262,3.5850863,3.3328905,2.5116308,4.044213,3.18216
Lee_0211,"국보급 문화재인 총무당도 나머지 건축물이 있는 육사 부지로 이전하여 살리고, 삼선공원은 서울성곽 공원과 연계하여 이번 배치하면 약 , 여평의 공원이 생기고, 삼선 ,, 구역 주택 재개발 사업 역시 층수 규제가 덜한 지역으로 조정되면 수익성이 올라가 이전 보다",Lee,6,2.343782,6.084732,3.7083032,2.1372485,6.1410303,3.581944,4.5522213,2.9122763,3.4292753,5.034849,3.1697009,4.5752096,2.623467,3.8021016,3.376617,2.692855,4.118996,3.413282
Lee_0213,"새만금 토지 이용계획이 농지 %에서 산업용지 %(유보지포함)로 확대되고 새만금 완공시기를 년으로 년 앞당겨 동진유역과 만경유역을 동시 개발키로 하면서 신재생에너지 단지, 농식품클러스터의 대규모 단지 조성, 새만금과 연결하는 철도 및 고속도로가 건설 될 것입니",Lee,6,4.081481,8.155145,2.1579475,0.74726903,4.6599264,4.4099507,4.5030556,3.3043208,3.1094344,5.4778256,3.5881786,4.1508517,2.3008554,4.501941,3.8125172,2.830798,4.113687,3.207447
Lee_0215,"영덕신재생에너지와 울진 해양에너지 집적단지 조성을 비롯한 환동해안 에너지 벨트에 대비한 청정에너지 관련 벤처산업 육성 기반조성,기업유치",Lee,6,4.262234,7.1464634,2.5409467,1.5963631,5.209203,4.6033325,4.3300867,3.28871,3.2457461,5.294235,3.524406,4.262702,2.6439,4.293035,3.7474995,2.6644113,4.2821007,3.237946
Lee_0219,섬진강의 수려한 자연경관과 주변의 농산촌마을을 연계한 아름다운 마을가꾸기 사업 전개,Lee,6,4.482166,7.3036284,4.172746,3.065595,5.910199,4.295068,4.8347387,3.3104548,4.0311956,5.954968,3.9635262,5.2332144,3.1445556,4.8633637,4.1367707,3.562703,4.842992,4.3415985
Lee_0224,"경의선 철도부지에 조성될 환경 친화적인 공원과 홍대 앞까지 문화 벨트를 조성, 마포를 문화와 예술의 거리로 재창조",Lee,6,2.2930896,7.2834024,4.2542477,2.4651873,6.815015,4.2250447,5.2579794,3.4142456,4.1200013,6.3796797,4.206976,5.620291,3.00989,4.915391,4.3604946,3.865175,4.967274,4.5377274
Lee_0226,금강 섬진강의 수려한 자연경관과 주변의 농산촌마을을 연계한 아름다운 마을가꾸기 사업 전개,Lee,6,4.081974,7.6057115,3.76373,2.6364708,6.17408,4.2025843,5.036401,3.3065987,3.9020789,5.7710953,3.8025918,5.059444,2.9732766,4.588105,3.9619794,3.2025592,4.715368,3.9539156
Lee_0230,"바이오산업, 실크산업 클러스트화로 산업 경쟁력 강화",Lee,6,4.3388324,8.554791,2.2270935,1.3810439,5.5370865,5.0052886,4.7125463,3.2375937,3.4009504,5.0940433,3.4969575,4.3062963,2.6462317,4.1331325,3.6028376,2.4347494,4.2594633,3.0700436
Lee_0242,"작년 말까지 총 억원의 사업비를 들여 성공적으로 완료한 바이오타운 조성사업에 이어 제단계 지역전략산업진흥사업(~)을 추진하고, 구축된 장비를 중심으로 대표적 특화분야를 선정하여 R&D 기능을 강화하겠습니",Lee,6,1.7834957,7.4172716,3.5345361,2.0945597,6.3729954,5.036337,5.2091923,3.735506,4.0394783,6.190447,4.063408,5.2407336,2.84753,4.6175537,4.3304214,3.3725379,4.9723682,4.0311775
Lee_0255,"최첨단 항공우주산업과 생태적인 관광산업, 친환경농업으로 지속가능한 사천",Lee,6,5.343366,6.4796796,3.4631727,2.7684784,5.848979,3.0229123,4.492523,2.9361382,3.3600655,4.9830875,3.164278,4.2299404,2.8732624,4.0487456,3.4063325,2.53037,4.174401,3.2470098
Lee_0260,"홍성 예산에 친환경농업지구를 확대하고, 고칼슘 친환경 기능성 쌀 생산을 지원 하여 홍성 예산에서 생산되는 농축산물은 친환경상품으로 인식, 고소득상품이 되도록 지원하겠습니",Lee,6,5.821866,7.5305786,2.1057272,1.5767869,4.029744,3.7721694,4.4843893,3.5379753,3.3199313,5.1566873,3.6143208,4.007922,2.348825,4.523432,3.7100496,2.8693664,4.2201614,3.237122
Lee_0265,쌀소득직불제를 현실화하고 농업인 재해보험 지원을 통한 농업인 경영안정을 지원해 나가겠습니 전,Lee,6,5.547547,7.612642,2.615485,2.669901,4.068535,3.8198824,4.5466805,3.3369284,3.6403558,4.9684563,3.5561895,4.2763557,2.4784188,4.3523135,3.6162443,2.977533,4.3406506,3.5730696
Lee_0268,"셋째, 바이오산업을 유치하고 키우기 위한 지원제도를 확대하고, 의료/관광특구 조성사업을 추진하겠습니",Lee,6,4.611686,6.9120226,2.4402778,2.3661427,3.9454212,4.050783,4.0428495,3.0855932,3.2736244,4.6144648,3.208169,3.7740822,2.4631047,3.9292698,3.426969,2.6074846,4.020968,3.168974
Lee_0273,여천천 주변에 편의시설 및 문화시설 등 설치로 주민이 찾고 즐길 수 있는 명품 생태하천으로 조성,Lee,6,5.3020415,7.7422457,3.6558132,2.5045652,6.3740997,3.5597758,5.0545025,3.2026997,3.818764,5.6844807,3.914035,5.1858525,2.9586983,4.8237343,3.8841863,3.3836231,4.6233873,4.1115837
Lee_0279,"복합문화관, 공원 등 통해 가산디지털단지부터 이어지는 문화벨트 조성",Lee,6,5.142499,5.073678,3.5214963,2.128876,5.280136,2.6308713,3.8387673,2.7464771,3.1687868,4.4462166,3.247303,4.369963,2.62718,4.1126475,3.1072526,3.0775428,3.7183135,3.6501036
Lee_0280,"낙성대공원 성역화, 문화공원 조성 추진 / 생활체육 지원 강화",Lee,6,4.9037256,6.797639,4.4623246,2.1924455,6.394743,3.2957783,5.081003,3.5721192,3.9146268,5.7284684,3.7709994,5.1107097,2.918539,4.869007,3.9127822,3.553409,4.57938,4.1299605
Lee_0284,"친환경지역 특성 활용, 건강 기능성 식품 연구및 생산단지 유치",Lee,6,3.9857638,8.21578,3.3955958,1.9590038,5.4147406,4.487448,4.9594517,3.4535394,3.7425067,5.9335504,3.8691971,4.8546476,2.712545,4.83413,4.144142,3.3272455,4.647497,3.9296966
Lee_0285,전남 친환경농산물 생산량은 매년 % 증가 추세,Lee,6,4.714673,7.5565996,2.0171847,1.4448687,4.0457845,4.4242916,3.9304395,2.9507122,2.8775506,4.827688,3.1247382,3.6208062,2.3775132,3.9960494,3.4302206,2.3355932,3.8568025,2.8293357
Lee_0288,"하이닉스반도체 청주공장 추가증설을 지자체와 적극 협력 추진하고, 생태산업단지 구축사업을 병행해 친환경 첨단산업단지로 조성",Lee,6,4.8695865,6.337178,3.1703568,2.972812,5.2640495,4.569135,4.0934696,3.2646194,3.545932,5.3406296,3.7317333,4.654014,3.0170846,4.5262947,3.8987713,3.2026007,4.6177053,3.964244
Lee_0290,"이는 비단 바이오산업 뿐 아니라 지역 관광산업과 다른 모든 산업의 부흥을 기대할 수 있는 사업으로, 보은 지역의 질적인 변화와 양적인 변화 모두를 충족시킬 수 있는 일이라 확신한",Lee,6,3.034065,6.020345,3.4677086,1.9846252,5.899316,3.670232,4.374715,2.987473,3.3051078,4.8592734,3.2428699,4.506597,2.566691,3.9572816,3.3630986,2.822746,4.0751476,3.4514217
Lee_0291,친환경 쌀 재배 육성 지원으로 농가소득을 높이겠습니,Lee,6,4.2077413,7.364794,2.5256793,1.5471709,4.993516,3.3928568,4.570939,3.0437489,3.2111702,4.798647,3.2493606,4.0873137,2.3142157,4.0104136,3.3400197,2.6117804,3.937888,3.0949945
Lee_0299,공원내 임야 매입비용 억원 신림청 예산 확보(년 억원 배정),Lee,6,5.495766,6.1420245,3.3473523,2.2303553,5.719269,3.0501409,4.769288,3.5822077,3.5839965,5.450161,3.646023,4.605269,2.7418947,4.5653887,3.745192,3.0597193,4.490694,3.5891638
Lee_0302,"농업과 행정, 기업을 결합하거나 농가, 대학, 농업기술원, 신암가축약품단지와 제약단지를 결합하는 축산바이오 산업의 특화전략산업을 육성하도록 하겠습니",Lee,6,5.8763766,7.858451,3.0175953,2.673897,5.166712,5.4902253,4.116099,3.158626,3.5720417,5.373324,3.8396416,4.7783675,3.1379228,4.7895694,3.946136,3.1954534,4.622561,4.017362
Lee_0306,친환경 농산물의 학교급식 식재료 이용을 전국으로 확대,Lee,6,5.9670224,8.260003,4.729998,1.9257569,6.1473455,3.872172,5.042572,3.3755636,3.6660602,5.5527544,3.274588,4.7831135,2.8962398,4.8584704,3.7554808,3.071041,4.4494224,3.753581
Lee_0307,"북정역사공원(읍성, 객사 등)은 사업비 ,억원 중 억원을 재개발조합에 기부채납 형식으로 부담하도록 하고 있어서 재개발사업 추진에 애로를 겪고 있음.",Lee,6,3.957492,6.734156,3.062363,2.0626729,5.706459,3.0924702,4.751911,3.0469031,3.3635967,4.9067726,3.149044,4.2188296,2.5183964,3.8499732,3.3263426,2.4655056,4.089829,3.0599189
Lee_0314,"대흥로, 마포대로 주변의 이면도로를 이용하여 서울숲길과 한강변을 잇는 보행자도로, 자전거도로를 만들어 마포에 철도부지공원과 한강변 수변공원을 잇는 그린네트워크 구축",Lee,6,2.9532158,5.84105,3.8084416,2.279852,5.712449,2.9621556,4.4290156,2.794705,3.442812,4.859439,3.1880133,4.514063,2.5835795,3.8644352,3.2985196,2.9459333,3.943358,3.5843482
Lee_0320,안양예술공원(유원지)에 주민과 함께 할 수 있는 축제개최를 통한 주민의 삶의질 향상,Lee,6,2.0487804,7.375316,4.8123307,2.9516551,6.970456,4.1659546,5.432436,3.4316216,4.317343,6.579444,4.1701355,5.7156925,3.1346545,4.943205,4.4795513,3.934429,5.112588,4.680271
Lee_0331,"모두가 자랑스러워하고 찾고 싶은 세계적인 공원조성을 조성하여 용산구민과 서울 시민, 대한민국 국민이 부러워하는 공원개장",Lee,6,3.9291198,7.777255,4.5304203,2.7305975,7.8220778,3.8548179,5.9343348,3.7799182,4.5139465,6.489502,4.406861,5.992065,3.2592025,5.1697183,4.4016585,3.8869553,5.276967,4.64991
Lee_0333,메디컬 콤플렉스는 의료+농업+바이오산업 등이 연관된 고부가가치 창출의 복합의료 산업단지,Lee,6,4.3717833,6.5441175,2.772644,2.8030286,4.116787,4.839832,3.1924388,2.2900977,2.8738577,4.210672,2.74083,3.5207038,2.8086414,3.4756784,3.1078072,2.0727532,3.7119966,2.9199758
Lee_0338,"산업단지는 대학, 유통단지, 주거단지, 첨단연구소, 기술 집약형 미래 산업과 녹지 공간이 어우러진 종합산업단지로 만들어 나가겠습니",Lee,6,3.5635147,7.5383997,4.103903,2.9263456,6.5742693,4.7924643,5.099207,3.4518056,4.127688,5.7907677,3.889506,5.413734,3.0799446,4.6602206,4.045132,3.4187427,4.9483485,4.29069
Lee_0339,"“HOPE 프로젝트”라는 장기적인 발전전략을 토대로 향후 양산을 첨단경제도시 (High Tech), 뉴문화복지도시(Oriental Tradition), 선진교육도시(People), 친환경 생태도시(Environment)로 건설,“만 자족도시, 양산”으로 발돋움",Lee,6,4.475975,7.005048,3.6408012,2.5905843,6.3352556,3.4757783,4.716482,2.9080243,3.5390306,4.9503465,3.2966425,4.6126547,2.8685975,4.0572042,3.403523,2.6984847,4.251573,3.4878206
Lee_0350,왕숙천변 둔치 주차장을 농수산물 시장과 연계한 가족공원으로 개발하여 북부권에 위치한 주민들의 휴식공원을 제공함과 아울러 농수산물시장 활성화를 위해 남양주를 연결하는 자연형 보행전용 교량을 설치하겠습니,Lee,6,3.2268448,5.497994,3.8841748,2.3362973,5.400264,3.2853208,4.3507104,3.1853595,3.4341242,5.267307,3.28184,4.396941,2.6430936,4.1484556,3.6194024,3.0130093,4.2175565,3.5869222
Lee_0370,"함평군 월야면과 광주 광산구 삼거동 일원에 광주 전남 공동 산업단지를 만들어 자동차, 조선, 항공기 등 첨단 부품소재산업과 의료 제약 등 생물산업, 신재생에너지산업 등을 유치하겠습니",Lee,6,2.2209074,6.8311048,3.1005964,2.2849681,5.185912,4.230507,4.2770686,2.8256135,3.2709472,5.0326276,3.08878,4.089783,2.5667367,3.7183266,3.5044532,2.4818897,4.0889153,3.1715927
Lee_0372,"사업비 ,억원(국비 ,, 지방비 )을 투입하여 년에서 년까지 한국복합소재 기술원을 착공하여 완주 테크노벨리내 탄소소재 산업과의 연계를 통해서 아시아 최고의 복합소재연구소로 육성 발전시키겠습니",Lee,6,4.2711997,6.846852,3.1247883,2.0605586,5.4725027,4.119007,4.408881,3.2163076,3.2419233,5.2824607,3.1733804,4.112941,2.7128391,4.112424,3.6248999,2.4396026,4.3103504,3.0757756
Lee_0373,"친환경 쌀 품종과 품질기준을 마련하고, 친환경 퇴비와 자재를 지원하는 방안을 마련 하겠습니",Lee,6,4.3904877,7.855089,2.1775014,1.223312,4.433279,3.5162213,4.869117,3.5156693,3.4420614,5.387514,3.8277395,4.384179,2.169649,4.6111326,3.812315,3.2334418,4.251188,3.5277176
Lee_0378,사계절 체류형 체육휴양도시 조성을 위해 레저스포츠단지인 월드컵빌리지 및 나비 생태공원을 조성하겠습니,Lee,6,2.6081667,9.190025,4.631618,3.0344305,8.14331,5.079929,6.4928284,4.105873,5.074314,7.5115514,5.077383,6.6249585,3.5075064,5.646729,5.15216,4.415539,5.902368,5.231109
Lee_0379,사계절 체류형 체육휴양도시 조성을 위해 레저스포츠단지인 월드컵빌리지 및 나비 생태공원을 조성하겠습니,Lee,6,2.6081667,9.190025,4.631618,3.0344305,8.14331,5.079929,6.4928284,4.105873,5.074314,7.5115514,5.077383,6.6249585,3.5075064,5.646729,5.15216,4.415539,5.902368,5.231109
Lee_0381,수원천 복개구간을 복원하여 전구간을 생태천으로 복원할 경우 청계천을 능가하는 시민문화 휴식공간으로 탈바꿈할 수 있습니,Lee,6,2.6514409,6.244791,5.158756,3.0044062,6.433819,3.3211207,5.101053,3.4238548,4.1057415,6.2848644,3.8434227,5.4104114,2.9628801,4.8721795,4.277007,3.9281046,4.8950253,4.5804377
Lee_0382,"이러한 산업을 육성하기 위해 정부의 정책을 수정하고 관계 법령을 정비하는데 최선을 다할 것이며 이를 발전시키기 위해 세계의 유명 제약회사나 대학들의 바이오, 항노화 연구소 등을 유치하고 청정에너지 연구 개발 단지 등을 조성해 이러한 미래 성장발전 첨단산업의 기반을 마련하고 이를",Lee,6,3.9359283,6.225322,3.7806206,2.9006908,5.6687145,4.9033785,4.1489077,3.2891212,3.5768917,5.624189,3.5999146,4.6874776,3.1248026,4.5152674,4.0418906,3.1107426,4.703765,3.8881345
Lee_0388,새 정부와 서울시의 예산을 가져와 공원조성비용을 충분히 확보함으로써 마포갑 지역에 서울시 최고의 명품 공원을 조성,Lee,6,1.604698,7.739673,4.426301,2.7352924,7.5014706,4.9014044,5.8813496,3.9615288,4.6475,6.917947,4.544549,6.053962,3.217916,5.083228,4.7598987,3.9377306,5.5148687,4.73417
Lee_0393,한반도대운하 건설에 따른 친환경 문화관광산업도시 양산건설!,Lee,6,4.61862,6.3427873,3.9601686,2.3861258,7.4125776,2.9178002,5.2091904,3.306724,3.7950387,5.182959,3.4762807,4.960102,2.9691033,4.1519117,3.45048,2.7493525,4.4475694,3.508237
Lee_0397,바이오 실크 밸리 / 억원,Lee,6,4.538642,6.9502754,3.6081479,2.050898,6.1855955,3.8618493,4.70481,3.2456532,3.3639073,5.29765,3.1566021,4.3529754,2.803,4.1487126,3.5639324,2.4267218,4.325839,3.1402726
Lee_0398,곤충 및 생물산업 지원에 대한 관심증대,Lee,6,1.8394016,3.6308362,1.8069437,1.66423,1.9233973,2.4663458,2.5946846,2.2430685,2.315575,3.6691053,2.6783946,2.8620157,1.6405104,3.198884,2.84684,2.737279,2.9561243,2.879232
Lee_0403,랜드마크 빌딩 건축으로 경제 문화기반시설 갖춘 수변 항구 도시 조성 및 용산역 ~ 용산공원을 잇는 녹지축 조성,Lee,6,1.8834553,7.0709224,3.9341195,2.6785448,6.9401894,4.5043783,5.2957554,3.5042233,4.2349167,6.245058,4.2566595,5.6145105,3.0691533,4.688371,4.3249583,3.7000043,5.027366,4.4448557
Lee_0414,친환경명품신도시 건설을 추진하겠습니,Lee,6,2.7165837,7.0087514,3.6877677,2.91667,6.1116724,3.4494796,4.8281355,2.7776308,3.660631,5.3766294,3.392434,4.633112,2.8359027,3.969173,3.6476088,2.84583,4.3571596,3.6093001
Lee_0415,"주변의 마을들과 연계, 체험관광(그린투어리즘)과 레포츠가 결합된 업그레이드 농촌관광 명소화",Lee,6,3.491963,4.379756,3.5677526,1.8327035,5.2170486,2.2556605,3.6045315,2.3198032,3.0127249,4.1670823,3.1114137,4.2892313,2.4562197,3.7939405,2.9028692,3.0996928,3.3945956,3.5557432
Lee_0416,바이오산업의 요람인 바이오컨벤션센터가 들어서게 되면 세계의 바이오산업 관계 자들과 관광객을 유치하게 되어 보은 경제에 활력을 불어놓을 것이,Lee,6,2.074754,7.527799,2.9611185,1.4276823,5.6741886,4.7838154,4.6755486,3.2284484,3.4282959,5.411597,3.453638,4.424763,2.5552902,4.0774364,3.7774134,2.6840177,4.2932854,3.272081
Lee_0417,"주거형 휴양, 휴양형 주거단지 만 가구 개발",Lee,6,2.4644334,7.6016483,3.1801066,1.6617409,5.451931,3.3332465,4.8854456,2.8874493,3.4935412,5.4127364,3.60203,4.6522036,2.3654132,4.270787,3.7014933,3.2262304,4.105296,3.7138405
Lee_0424,"한강의 어족자원을 장자호수와 한강 사이의 .km구간을 생태하천으로 만들어 직접 연결된 수로를 통한 한강의 어족자원을 장자호수로 유입시키고, 장자호수공원에서 한강시민공원까지의 산책로와 생태탐방로를 만들 겠습니",Lee,6,5.0145183,5.8437614,3.9045334,2.0114927,5.3868475,3.9291303,4.4899654,3.8563385,3.7064092,5.8758698,3.9412296,4.965441,2.8297262,5.107331,4.1449184,3.7516062,4.6872416,4.207899
Lee_0427,인천대교와 더불어 일대를 관광명소로 육성하고 격조 높은 미술관 등 문화예술 공원조성으로 시민 휴식공간을 늘리고자 함.,Lee,6,2.4386175,5.7428675,4.4255123,2.0109818,6.843499,2.8908179,4.816681,3.0028005,3.6857362,5.44802,3.6388357,5.2352,2.723297,4.395992,3.6447368,3.549775,4.28974,4.1366405
Lee_0428,석유자원 고갈시대를 대체할 신에너지산업,Lee,6,3.8581512,6.8404374,2.4999697,2.018693,4.918111,4.1356964,4.2696705,3.1092029,3.2078817,5.0165353,3.27923,3.9741702,2.5522351,3.9498153,3.5765338,2.4627326,4.1609316,3.0255885
Lee_0432,반송동 반송교에서 운봉교에 이르는 .㎞의 하천 구간을 복원하고 생태하천으로 조성하여 반송동 주민의 웰빙 공간으로 활용될 수 있도록 하겠음.,Lee,6,4.7104173,8.047903,3.4853303,1.7752472,6.2916393,4.237793,4.983774,3.3408432,3.5852666,5.912268,3.815161,4.9351172,2.874186,4.846418,4.0219197,3.1710105,4.6115346,3.7876058
Lee_0433,반송동 반송교에서 운봉교에 이르는 .㎞의 하천 구간을 복원하고 생태하천으로 조성하여 반송동 주민의 웰빙 공간으로 활용될 수 있도록 하겠음.,Lee,6,4.7104173,8.047903,3.4853303,1.7752472,6.2916393,4.237793,4.983774,3.3408432,3.5852666,5.912268,3.815161,4.9351172,2.874186,4.846418,4.0219197,3.1710105,4.6115346,3.7876058
Lee_0438,구청장 교체 이후 기존의 종합발전계획이 무산되고 부분 부분 나눠 개발하는‘조각 개발’이 이루어지는 바람에 공원 등 녹지 공간과 문화 공간이 부족한 삭막한 구로가 되었음.,Lee,6,3.7907236,6.5340834,4.008913,1.7535294,5.981221,4.319969,4.6172085,3.5312014,3.6553142,5.9631066,3.8961854,5.0962596,2.8557673,4.956071,4.1344967,3.5711837,4.6099443,4.1383643
Lee_0439,"[문화생활공간 조성] 야외 무대, 야외 영화관, 산책로, 테마 파크 등을 설치하여 양산 시민들의 문화생활 공간 조성",Lee,6,3.0504186,6.584193,4.847951,2.4101036,7.735855,3.1390707,5.411228,3.2987041,4.0326004,5.607566,3.6241584,5.479143,2.9576392,4.4309554,3.7176418,3.3545165,4.586939,4.146107
Lee_0441,"중앙공원(두개비산), .공원",Lee,6,4.535278,6.53295,4.2847,2.5873208,6.4791126,2.8944454,4.964445,3.163465,3.768388,5.5142107,3.586154,4.982504,2.90983,4.5584135,3.7200336,3.323847,4.4460163,3.9859452
Lee_0451,보라매공원 내 동작구민회관 부지 종합문화복지센터 건립 추진,Lee,6,3.8740895,6.735778,4.2606483,2.5339665,6.432518,3.2030394,5.2721157,3.5395741,4.0955105,5.955321,4.0117083,5.3207436,2.8861547,4.8576183,4.092305,3.7175996,4.789549,4.3289404
Lee_0453,"도림천을 복원함에 있어서 위치와 상황에 따라서 생태고원, 음악회 공간, 전시공간, 쉼터 공간 등을 조성",Lee,6,3.4291122,4.361303,3.4530032,1.345715,5.5864344,3.084381,3.8691504,3.0315433,3.1937232,5.2737646,3.8717484,4.946422,2.5364246,4.678124,3.6863127,3.771923,4.0345397,4.1221895
Lee_0457,"자연형 하천 도봉천은 총공사비 억 소요되는 사업으로 단계로 무수천 일대에 억(보상비 억천만원, 공사비 억 천만원)과 알프스 수영장 사업비 억 등 도봉구에 교부되어 년 억이 투입 공사가 시행될 예정이고, 년까지 공사가 완료될 예정이며, 부족한 비용",Lee,6,3.494444,6.088859,3.9622004,2.7014873,5.058852,4.248923,4.80777,4.0132613,4.021375,6.376896,4.098378,5.0205193,2.8076696,5.0564547,4.52143,3.7765212,5.083196,4.2929416
Lee_0464,"북한산 등산로 주변 홍은동은 실락공원에서 탕춘대성까지, 홍은동은마을버스종점 에서 탕춘대성까지 도시자연공원의 산책로와 주변 노후 공원시설물을 보수 정비하여 쾌적한 환경에서 운동하고 산책할 수 있는 산지형 공원조성하겠습니",Lee,6,3.7903311,6.0762525,4.454331,2.2875488,6.619627,3.30839,5.008709,3.5339823,3.955491,5.759991,3.8479173,5.2355614,2.9226804,4.726434,3.93437,3.6250145,4.620363,4.202723
Lee_0469,"유용곤충 상업화 및 매개곤충, 천적곤충을 이용한 친환경 농업 확대",Lee,6,2.695038,5.0983043,2.384343,1.6364175,3.2765791,2.8891745,3.5366025,2.7122226,2.880399,4.7032733,3.4017847,3.9575086,1.9629002,4.115889,3.4399486,3.394693,3.6701508,3.6311855
Lee_0470,국제화시대를 맞아 세계 각국의 학자와 관광객들이 찾아올 수 있도록 국제 바이오 컨벤션센터를 건립하겠,Lee,6,2.0596592,6.633508,4.702065,2.674726,6.9537563,4.3750477,5.23116,3.6778965,4.104691,6.359253,3.838842,5.2983446,3.0758715,4.6758947,4.3410306,3.4405031,5.045101,4.1641235
Park_0027,수 목원 확장 및 둘레길 조성을 위한 국 시비를 적극 확보,Park,6,7.5666018,7.932769,2.3604453,2.346622,5.1708527,3.8516645,4.7554464,3.640039,3.5719247,5.114621,3.7256792,4.381717,2.8013668,4.642238,3.6704211,2.8055737,4.4998713,3.4250069
Park_0028,"서울시 동네뒷산 공원화 사업과 연계하여 산림체험장, 산책로 등 추가시설 조성",Park,6,2.457674,6.419121,4.370507,2.4330227,7.203105,3.5316525,5.25735,3.3253984,4.0796814,5.6413937,3.8303933,5.4697237,2.920693,4.402542,3.81712,3.4695306,4.6289344,4.2004824
Park_0031,신재생에너지확대를 위한「자연에너지법」제정 추진,Park,6,3.0191576,6.4423532,2.4821258,1.9564105,3.9951813,3.7005231,4.25208,3.3190627,3.2224865,5.1718836,3.245695,3.7299733,2.2585025,3.9408135,3.694934,2.6195903,4.0954933,3.0538135
Park_0032,"청도읍 안인리 일대 만평에 산업단지 조성하여 친환경, 바이오 등 고부가가치 기업 유치",Park,6,5.3165045,7.697149,3.2322893,3.243544,5.078595,4.9292693,4.3134956,3.100636,3.6344767,5.195942,3.488685,4.553924,2.9932508,4.3423133,3.7242494,2.7909613,4.578444,3.7152653
Park_0052,"청도읍 안인리 일대 만평에 산업단지 조성하여 친환경, 바이오 등 고부가가치 기업 유치",Park,6,5.3165083,7.6971483,3.2322874,3.2435443,5.0785933,4.92927,4.313495,3.1006346,3.6344764,5.195941,3.4886847,4.553923,2.9932504,4.342313,3.7242484,2.7909608,4.5784435,3.7152648
Park_0083,신재생에너지 개발을 촉진하고 년까지 비율을 %로 확대,Park,6,4.23011,6.619058,2.5558343,2.1174414,4.5405016,4.003337,4.187749,3.2024975,3.1568975,4.869295,3.013379,3.637858,2.5137897,3.7640076,3.4684763,2.1600063,4.070278,2.7383485
Park_0084,"도 심지 철도시설을 시외로 이전하고 그 부지를 녹지공간, 문화공간으로 활용",Park,6,4.873647,8.149079,2.833513,1.8085871,5.4368134,4.2671037,4.7167883,3.1527257,3.4592361,5.169882,3.5095603,4.4908314,2.6337333,4.3524704,3.5971665,2.7910976,4.2602854,3.4169488
Park_0086,"사직동 쇠미산에 방치된 분묘를 이장하고 무허가 건축믈을 정비해 체력단련장, 쉼터, 산책로, 휴게마당이 있는 클린숲을 조성하겠습니",Park,6,2.4849584,4.7617974,3.6188421,1.9015021,4.2612357,2.5978506,4.1075563,3.092073,3.354033,4.92435,3.4317846,4.4602447,2.1217418,4.218114,3.5006518,3.594158,3.9314513,3.9131575
Park_0087,부 산시 최초로 목재문화체험장 유치 및 캠핑장 조성,Park,6,6.085442,7.818726,1.5307543,0.6765257,4.916792,3.748226,4.0217757,2.72639,2.686746,4.6861434,3.4724307,3.8654604,2.4338965,4.2531567,3.2836733,2.5164495,3.623634,2.9106984
Park_0099,부 산시 최초로 목재문화체험장 유치 및 캠핑장 조성,Park,6,6.085442,7.818726,1.5307543,0.6765257,4.916792,3.748226,4.0217757,2.72639,2.686746,4.6861434,3.4724307,3.8654604,2.4338965,4.2531567,3.2836733,2.5164495,3.6236343,2.9106984
Park_0100,친환경 (녹조 에너지 발전) 에너지 개발 사업,Park,6,3.6996534,7.02019,2.5727441,2.2914097,4.665614,4.273864,4.025749,2.801907,3.0378814,4.639771,2.8649178,3.6064568,2.5528092,3.5698857,3.3093143,2.080577,3.9300218,2.7596412
Park_0110,"수 목원 확장, 둘레길 조성은 년부터 추진될 수 있게 노력",Park,6,6.960061,7.143499,2.6159437,2.447126,4.3906717,3.895667,4.356783,3.626813,3.5662637,5.5306187,4.0485206,4.616983,2.74328,5.05059,4.006152,3.48782,4.5980897,4.0128484
Park_0118,"서 울의 자랑인 서울숲을 더욱 친근하고, 주민 욕구에 부합하는 문화공간으로 활용할 계획 필요 [ 정책 ]",Park,6,4.745614,7.9514008,3.9578066,2.5337539,7.2100058,3.561492,5.662669,3.4701319,4.1736636,5.681094,3.8634017,5.3681717,3.0406756,4.570396,3.8117547,3.1007814,4.786176,3.9051566
Park_0145,환 경을 생각하면서 녹색 성장을 기본으로 신환경 산업기술 단지 조성,Park,6,2.6687832,5.6954937,3.9511497,2.9635248,5.4871655,4.794872,4.277646,3.5313993,3.6529717,5.665647,3.5004716,4.6666303,2.9109602,4.3362737,4.0430903,3.138689,4.7740912,3.90132
Park_0148,"기 구축된 바이오 산업과 연계한 의생명, 실버산업, 그린에너지산업 육성으로 실버와 바이오, 보건 의료산업을 융복합하여 얻을 수 있는 시너지 효과로 고용창출 및 지역경제 활성화 필요 [ ]",Park,6,1.1862699,6.6967177,3.5785487,2.7637687,5.1277685,4.7705536,4.0916553,2.637988,3.4242556,5.178098,3.2143626,4.4170847,2.6983438,3.7900577,3.6613421,2.802553,4.2312064,3.628714
Park_0163,"신도림동 번지 일대 준공업지역, CJ공장부지, KIKOX 구보세장 개발, 기계공구상가(구로 및 안성) 재개발, 골프연습장 철거 부지에 공원, 문화 체육 시설이 들어 설 수 있도록 할 것이며, 구로동 약 ,평 규모의 공원부지를 확보하여 공원으로 조성하겠습니",Park,6,4.274553,7.2429733,3.8940625,1.9556482,6.4048376,4.622302,5.160902,3.951357,4.130693,6.25032,4.43661,5.688021,2.966969,5.3321433,4.3948164,4.045602,5.0182524,4.6386814
Park_0164,"홍릉클러스터 : 장기재정, 공원조성 억억",Park,6,5.4392166,6.190802,3.5159807,2.3317707,6.135275,2.1338136,4.723501,2.899006,3.4147081,4.7737904,3.2349246,4.4454207,2.6966271,4.07886,3.1910663,2.7649438,4.0101185,3.3707185
Park_0165,"특히 문학산과 승학산을 연결하는 생태숲길인 그린브릿지(Green Bridge)의 경우, 일반 육교의 개념이 아닌, 흙과 나무가 심어지는 숲길로 조성된다는 점에서 주목될 것임.",Park,6,2.31807,6.8819804,3.6192408,2.3831599,4.840296,3.8014247,4.4954123,3.0179682,3.499837,5.188606,3.2257192,4.3194494,2.4445148,4.009231,3.6303015,2.9962046,4.1719174,3.6099582
Park_0170,"스마트그리드 사업은 녹색성장의 으로 제주도 전역의 스마트그리드 거점지구 지정을 통해 제주의 열악한 산업구조를 개선하고 친환경 마을 경관 개선, 문화여건, 일자리 창출에 크게 기여토록 하겠",Park,6,1.9581285,6.1178746,3.6672475,2.5857658,6.3583536,3.8424644,4.8046713,3.2006993,3.770145,5.3695245,3.5974905,4.923621,2.7696333,4.0449724,3.7315469,3.0923128,4.4973693,3.8055267
Park_0176,"남동공단 근로자 복지를 위한 보육,문화,체육 녹지시설 확충",Park,6,5.1304193,7.3187847,3.4766123,2.3998873,5.1347322,3.5208826,4.405649,2.8265605,3.4262505,4.6278753,3.1103187,4.251788,2.6605015,4.023361,3.2471948,2.664922,3.9555383,3.4049525
Park_0177,"서울농대 부지, 생태관광공원로 조성하여 서둔동과 탑동의 지역경제 활성화",Park,6,5.221553,6.6171484,3.7044973,1.8600224,7.2023134,3.449626,5.1037006,3.5074086,3.750072,5.157064,3.628843,5.109144,2.9136114,4.426051,3.471681,2.9330246,4.4493012,3.6555471
Park_0204,"주 변 유사시설 현황, 교통 현황, 의료와 보건, 사회복지, 교육, 문화, 체육시설, 공원, 녹지 등에 대한 분포조사",Park,6,2.8079944,5.6473174,4.688415,2.887072,5.3540716,4.004387,4.6992903,3.6741896,4.248554,6.150317,4.196442,5.428533,2.9316301,5.0368366,4.3926086,4.24464,4.929638,4.7938433
Park_0207,신재생에너지를 년까지 차 에너지의 %까지 확대 추진,Park,6,2.6677573,7.91954,2.1359668,1.3809673,4.3514814,4.3941503,4.3439703,2.9767509,3.0962892,5.2985554,3.3083317,3.7871742,2.3172803,3.9719443,3.731854,2.4743345,4.002779,2.9228287
Park_0218,바이오 실크 밸리와 연계한 바이오 융복합산업의 육성 [ ],Park,6,4.613953,7.547931,3.4236238,2.5345914,5.319207,4.9681845,4.346214,3.2004094,3.4760895,5.533105,3.493122,4.547218,2.9466538,4.5164585,3.9051828,2.8819625,4.5612507,3.6802316
Park_0228,"금강공원을 자연휴양 및 문화체험, 놀이시설을 갖춘 친환경 녹색테마파크인 드림랜드를 조성해 동래구민은 물론 부산시민들이 찾는 공원으로 탈바꿈하겠습니다",Park,6,3.612737,7.799576,4.1331034,2.5289857,7.167815,3.331633,5.6690683,3.3429146,4.190477,5.918874,3.9887297,5.5267305,2.9413671,4.6770916,3.9675035,3.4907436,4.7821116,4.238797
Park_0249,풍산바이오산업단지를 추가로 확대하여 바이오산업을 유치 제대 국회의원선거,Park,6,4.2317977,5.4917016,4.235522,2.4002867,6.7532377,4.4349856,4.357801,3.57718,3.294412,5.541863,2.972575,4.195105,3.1769662,4.1066933,3.7837067,2.191069,4.604805,2.9578276
Park_0255,"이 에 정부와 경북도가 추진하고 있는 동해안에너지클러스터 조성사업과 연계한 ‘신재생에너지 혁신 클러스터’(총예산 ,억원, 정부추계)를 조성하겠습니",Park,6,3.9858203,6.1795645,3.0277567,2.6704884,5.2839212,3.577709,4.5646276,3.4273162,3.540798,5.4124055,3.498802,4.3229156,2.7117467,4.1934314,3.8140273,2.8243768,4.515648,3.4470391
Park_0257,"원 자력 등을 주축으로 하는 에너지체제를 녹색 대안 에너지체제로 전환하고, 자연과 인간의 공생을 중시하는 생태적 사회경제구조를 만들겠습니",Park,6,2.4618294,6.335661,2.776673,1.3919863,3.9792478,3.879426,4.1919103,3.3344312,3.2591927,4.996586,3.3329923,3.9963374,2.1191192,4.0630813,3.6232133,3.0241961,3.9486275,3.374555
Park_0282,"강서구 발전의 중추가 될 마곡지구에 ‘세계적인 연구기업’을 유치하고, ‘친환경 호수공원’을 조성하며, ‘ 문화예술의 전당’을 건립해 서울의 새로운 명품도시로 발전시키겠습니 보다",Park,6,2.457773,8.060787,4.3987617,3.0157423,7.4398623,4.986326,5.6902466,3.6410336,4.5798798,6.439202,4.384568,6.0590343,3.2650275,4.946144,4.452726,3.8386645,5.347601,4.75294
Park_0300,마곡지구 근린공원내 건립부지 제공 및 예산지원 등 서울시 차원의 종합적 지원이 이루어지도록 박원순 시장과 긴밀히 협의해 나가겠습니,Park,6,3.9040024,5.0180163,3.556126,2.5661457,6.429923,3.4150794,4.8052588,3.7349534,3.9811666,5.491709,4.0538535,5.1895714,2.9404478,4.506858,3.8880687,3.439194,4.731636,4.0700216
Park_0301,"사 업 : 시민에게 건강과 휴식을 드리는 도심속 생활체육, 녹색생태환경조성",Park,6,3.9203663,7.4370427,4.690319,2.8808286,5.499011,3.6448617,5.013569,3.337658,4.07822,5.744761,3.7511358,5.16025,2.8123221,4.807793,4.0307794,3.7799795,4.631253,4.4635696
Park_0302,앞산 맛둘레길 조성사업,Park,6,6.5942354,7.7666936,3.1674945,2.4042628,5.9198055,3.658305,4.8083696,3.2393289,3.5589416,4.769811,3.3537633,4.475203,2.8417935,4.2761784,3.3499856,2.592034,4.278118,3.3484573
Park_0303,앞산 맛둘레길 조성사업,Park,6,6.5942354,7.7666936,3.1674945,2.4042628,5.9198055,3.658305,4.8083696,3.2393289,3.5589416,4.769811,3.3537633,4.475203,2.8417935,4.2761784,3.3499856,2.592034,4.2781186,3.3484573
Park_0318,매포읍 : 지질 및 예술문화공원 조성,Park,6,3.1040509,5.4353085,3.3529823,2.064686,5.6564503,2.3388417,4.193529,2.5148683,3.1885405,4.5567183,3.2527194,4.4743595,2.4254196,3.8620648,3.126041,3.0996652,3.7201235,3.6355128
Park_0330,매포읍 : 지질 및 예술문화공원 조성,Park,6,3.1040509,5.4353085,3.3529823,2.064686,5.6564503,2.3388417,4.193529,2.5148683,3.1885405,4.5567183,3.2527194,4.4743595,2.4254196,3.8620648,3.126041,3.0996652,3.7201235,3.6355128
Park_0354,철도폐선부지를 활용한 선형의 공원조성,Park,6,2.9593894,5.1085143,4.2561255,3.0149558,4.512164,3.3309574,4.5528345,3.7650242,4.0703306,6.1829243,4.2220435,5.2213335,2.640921,5.133571,4.450178,4.4978204,4.916951,4.879842
Park_0359,우장산 근린공원에 대한 종합적 리모델링을 통해 ‘종합체육문화센터’를 설치하고 우장산 산책로를 일 ‘차 없는 거리’로 만들겠습니,Park,6,2.948189,5.6185694,4.214249,2.6975384,4.8790054,2.9056947,4.6541815,3.3870993,3.8965576,5.63576,3.8419442,5.0430417,2.5139194,4.722237,3.9882474,4.0768833,4.512766,4.5130854
Park_0360,미래산업형 LED 식물공장기반 녹색 신농업 집적화 단지 구축,Park,6,5.371305,7.025689,3.1418192,2.6723669,4.7977123,4.4406667,4.7067575,3.9491668,3.99018,5.5783076,4.2336955,5.1039667,2.7377777,5.112456,4.1695924,3.9758365,4.9106255,4.5143514
Park_0365,"경북 바이오산업단지에 건립하고, 천연색소 소재 생산 공급을 위한 자동추출기, 농축기, 원심분리기, 분석장비 등 지원",Park,6,3.6630135,6.792318,2.8167582,1.3932786,5.439125,4.7971272,4.598733,3.8231,3.6419008,5.828265,4.2045903,5.049638,2.6296778,4.972412,4.198985,3.6837766,4.694294,4.130329
Park_0366,"「 산업집적활성화법 시행규칙 상 첨단업종을 전략산업인 바이오, IT관련 등 미래가치가 높은 신성장 동력산업 해제, 수도권에 금지되어 있던 IT관련 미래신성장 동력 관련공장 증설 허용 [ 공약내용 ]",Park,6,6.87123,7.539259,2.3196938,2.5109296,4.3819494,3.783533,4.5121026,3.504043,3.6040409,5.1921473,3.8672755,4.435415,2.6527195,4.7423654,3.8174534,3.198766,4.493573,3.7771492
Park_0372,충장공원과 연계 주민체육활동 지원,Park,6,1.6946372,4.971574,3.5682685,2.179819,3.9639742,2.682454,4.2393007,3.1757898,3.5891185,5.1269197,3.6055706,4.473036,2.1470232,4.227951,3.6980915,3.8457716,4.0469856,4.0971136
Park_0407,청량리역에 덮개공원 및 생활체육시설 준공,Park,6,2.4705143,6.039882,3.8149626,2.002485,5.6980457,2.855506,4.6344595,2.9273677,3.5529916,5.2817216,3.547912,4.756059,2.5079713,4.244818,3.6184154,3.4260209,4.095656,3.9112172
Park_0408,쾌적한 공원 체육시설조성 및 시민 모두를 위한 보편적 복지 실현,Park,6,3.4167385,7.5637193,4.1955776,2.566896,5.9184275,3.6559076,5.125989,3.3280792,3.9446428,5.7569685,3.6922228,4.9370694,2.8092914,4.5766454,3.9907866,3.456361,4.588498,4.0854807
Park_0422,오산천~백남준아트센터~도립박물관~민속촌~기흥호수가 어우러지는 ‘녹색 문화 관광레저 벨트’의 한 축으로 기흥호수를 활용하겠습니,Park,6,5.3509855,7.457246,4.2039857,2.4014769,6.432123,3.2209504,5.104351,3.2303467,3.7830803,5.2428617,3.4727428,5.0235286,2.8190813,4.5524244,3.535737,3.1440551,4.4071717,3.895153
Park_0459,"최근 걷기운동의 확산으로 국민건강에 대한 관심이 고조되고 있는 상황에서 한려해상국립공원 내 산양읍, 한산도, 비진도, 소매물도, 대대물도, 연대도 등에 총 바닷길 리를 조성하여 특색있는 관광상품개발로 지역경제를 활성화하고자 함.",Park,6,3.0503397,5.107209,4.2948785,2.2626123,5.721402,2.694933,4.534172,3.2240176,3.5616257,5.160281,3.3059027,4.6479416,2.5650125,4.175546,3.5228415,3.240499,4.1768107,3.7750483
Park_0469,"최근 걷기운동의 확산으로 국민건강에 대한 관심이 고조되고 있는 상황에서 한려해상국립공원 내 산양읍, 한산도, 비진도, 소매물도, 대대물도, 연대도 등에 총 바닷길 리를 조성하여 특색있는 관광상품개발로 지역경제를 활성화하고자 함.",Park,6,3.0503397,5.107209,4.2948785,2.2626123,5.721402,2.694933,4.534172,3.2240176,3.5616257,5.160281,3.3059027,4.6479416,2.5650125,4.175546,3.5228415,3.240499,4.1768107,3.7750483
Park_0474,대강 사업으로 잘 정비된 낙동강변에 연안도로를 개설하고 수변에 체육시설 등 레포츠 공원을 조성하여 관광산업 활성화 및 지역경제 활성화를 꾀하겠습니,Park,6,3.1444502,6.7021666,3.7053552,2.5178964,5.9861193,3.7568724,4.6823826,3.0317478,3.6676536,5.3345904,3.5275843,4.773881,2.8099375,4.1832676,3.6730213,3.0839443,4.3426566,3.8064284
Park_0479,대강 사업으로 잘 정비된 낙동강변에 연안도로를 개설하고 수변에 체육시설 등 레포츠 공원을 조성하여 관광산업 활성화 및 지역경제 활성화를 꾀하겠습니,Park,6,3.1444502,6.7021666,3.7053552,2.5178964,5.9861193,3.7568724,4.6823826,3.0317478,3.6676536,5.3345904,3.5275843,4.773881,2.8099375,4.1832676,3.6730213,3.0839443,4.3426566,3.8064284
Park_0520,", 의류봉제단지 특화 사업(생산자 직접 판매장 마련),세계문화유산 정릉 보존 및 활성화 사업, 성북구민 정릉 입장료 무료화, 정릉천 산책로 조성(청수장~정릉입구), 정릉시장 공용주차장 건립 및 현대화,거점도서관 조속한 건립, 계성여고 남녀공학으로 유치(공약사항은 최종공보물에서 일부",Park,6,6.1444473,8.212875,3.1840014,1.6507951,6.4987555,4.0534964,5.08634,3.4531293,3.6692438,5.59054,3.9470296,5.0572166,2.915091,4.936661,3.8706598,3.1810675,4.5658984,3.8516612
Park_0521,국비 : 수영강생태하천 조성 차사업 지정으로 보상비 억원 확보,Park,6,4.396081,5.550619,3.1353753,2.4555273,5.846266,3.0722432,4.52493,3.3596683,3.3878548,5.2391715,3.4429505,4.3934402,2.724605,4.212998,3.647573,2.8463106,4.4089437,3.424481
Park_0529,국비 : 수영강생태하천 조성 차사업 지정으로 보상비 억원 확보,Park,6,4.396081,5.550619,3.1353753,2.4555273,5.846266,3.0722432,4.52493,3.3596683,3.3878548,5.2391715,3.4429505,4.3934402,2.724605,4.212998,3.647573,2.8463106,4.4089437,3.4244814
Park_0532,"창출, 융합기술을 이용한 식물농장 시스템 구축을 농업부분 녹색산업의 로 선정하였음.",Park,6,4.3380356,7.924038,3.2524009,2.0376556,5.159092,4.5754895,4.9187174,3.6231518,3.8498685,5.31672,3.8052394,4.940298,2.5555649,4.664412,3.8272762,3.412356,4.5567274,4.0477705
Park_0555,"오 정구의 부족한 문화체육시설 확충의 일환으로 여월정수장 부지(만,㎡)를 문화체육 대공원으로 조성",Park,6,3.65669,7.2107253,4.110233,2.1223037,5.433918,3.5129948,5.0374994,3.4932022,3.9553454,5.5817533,3.8509412,5.1653805,2.5442753,4.830409,3.9150019,3.8811631,4.5073047,4.407423
Park_0564,"어린이 놀이터와 체육시설, 자연친화적 산책로 조성",Park,6,3.533548,7.1060076,4.5580955,2.103328,5.787304,3.4444745,5.3049984,3.778933,4.1334925,6.2164717,4.061181,5.3436418,2.6942363,5.1735296,4.305581,4.0990753,4.8023624,4.5368543
Park_0569,"제 강동테니스장 조성, 성내유수지에 체육공원 마련 등 생활체육시설 확충 지원",Park,6,3.753714,8.03752,4.5357633,2.3372552,6.0982466,4.496542,5.4592924,3.9153457,4.388044,6.4270415,4.28985,5.5703144,2.9758172,5.3190937,4.522382,4.0894146,5.0615788,4.695327
Park_0587,"주 요시설 : 생활관, 실내집회장,체육활동장,생태체험수련활동장 등 [ 이행절차 및 이행기간 ]",Park,6,2.78856,6.4003973,3.9963272,1.8798509,4.4779177,3.6043334,4.63019,3.5193243,3.8754783,5.660594,3.9517093,4.9495716,2.3898492,4.890039,4.088658,4.117602,4.396052,4.462946
Park_0589,"서 울 숲을 중심으로 뉴욕 ‘브라이언트파크(Bryant Park)’ 문화프로그램을 벤치마킹, 일 년 열두 달 문화프로그램 상설운영",Park,6,2.9060917,7.865667,5.255746,2.9502296,7.660166,4.9337463,5.7485056,3.874886,4.634893,6.8563004,4.364307,6.0585294,3.4480238,5.281438,4.704023,4.0032125,5.4716516,4.8565493
Park_0590,"공원, 테마정원, 조형예술물, 과학관, 음악관, 전시실 등으로 구성",Park,6,3.3935394,4.4240255,3.5228748,2.050263,4.997961,2.5491626,3.7385938,2.7016969,3.1814926,4.7940726,3.4993649,4.578024,2.4712029,4.2859254,3.3905745,3.6059616,3.8192348,4.0269446
Park_0592,"바이오기술과 의료, 천연의약, 실버 인프라를 종합화한 미래형 산업 육성",Park,6,4.3257785,7.9419165,2.957067,2.0332522,4.99736,4.75015,4.3897686,3.1152902,3.5279174,5.390293,3.8052878,4.6722274,2.745453,4.674753,3.9178128,3.3140297,4.3789954,3.949707
Park_0600,"바이오기술과 의료, 천연의약, 실버 인프라를 종합화한 미래형 산업 육성",Park,6,4.3257785,7.9419165,2.957067,2.0332522,4.99736,4.75015,4.3897686,3.1152902,3.5279174,5.390293,3.8052878,4.6722274,2.745453,4.674753,3.9178128,3.3140297,4.3789954,3.949707
Park_0601,"이는 신재생에너지 및 첨단산업에 대한 수요를 창출하고 있으며, 미래 성장을 주도할 새로운 산업에 대한 요구로 이어집니",Park,6,2.292666,7.2532053,2.4458685,1.6656364,4.406601,4.22159,4.0774345,2.6678853,3.000533,4.6890497,2.948004,3.7136846,2.266555,3.5794625,3.3257856,2.3061073,3.7701378,2.8757715
Park_0607,청량리역 덮개공원의 공원면적 증설 및 배드민턴을 비롯한 생활체육시설 준공,Park,6,1.7772934,6.439288,4.3622684,2.5877285,5.901622,3.5170918,5.115283,3.4743533,4.11615,6.222513,4.0683403,5.314742,2.7456079,4.799166,4.3158865,4.0220165,4.8003774,4.5342655
Park_0609,"세 계음식 체험거리, 숙명여대 커피거리, 도심 둘레길 등을 통해 특성화 거리 조성",Park,6,3.7728002,7.107969,3.3301032,2.0125825,5.60645,3.49226,4.569586,2.8260589,3.2956805,4.798154,3.0771642,4.294224,2.5236948,3.864695,3.2629986,2.53443,3.9451833,3.21321
Park_0615,"현 재 감귤산업의 경쟁력을 확보하기 위해 생과 뿐만 아니라 과자, 초콜릿, 화장품, 와인, 바이오산업 소재 등 다양한 가공상품으로 재탄생 하고 있음",Park,6,6.422266,7.957136,2.7760224,1.7443671,5.8024044,3.4957912,4.480939,2.7099042,3.0621142,4.3964033,2.9594219,4.0337725,2.6758714,3.92172,2.9982977,2.10947,3.8064156,2.8081765
Park_0616,"현 재 감귤산업의 경쟁력을 확보하기 위해 생과 뿐만 아니라 과자, 초콜릿, 화장품, 와인, 바이오산업 소재 등 다양한 가공상품으로 재탄생 하고 있음",Park,6,6.422266,7.957136,2.7760224,1.7443671,5.8024044,3.4957912,4.480939,2.7099042,3.0621142,4.3964033,2.9594219,4.0337725,2.6758714,3.92172,2.9982977,2.10947,3.8064156,2.8081765
Park_0617,"현 재 감귤산업의 경쟁력을 확보하기 위해 생과 뿐만 아니라 과자, 초콜릿, 화장품, 와인, 바이오산업 소재 등 다양한 가공상품으로 재탄생 하고 있음",Park,6,6.422266,7.957136,2.7760224,1.7443671,5.8024044,3.4957912,4.480939,2.7099042,3.0621142,4.3964033,2.9594219,4.0337725,2.6758714,3.92172,2.9982977,2.10947,3.8064156,2.8081765
Park_0618,부 산시 및 부산지방국토관리청과 협의하여 수영강생태하천 조성 차사업계획을 입안하고 사업내용에 삼창가공부지 매입관련 사업을 포함시키겠음.,Park,6,2.720001,4.676379,2.7548916,2.8096254,4.197632,3.324258,3.6208897,2.7793508,3.2103925,4.6046515,3.25968,3.9784584,2.479403,3.69306,3.394618,2.9062707,3.9326742,3.4921575
Park_0620,부 산시 및 부산지방국토관리청과 협의하여 수영강생태하천 조성 차사업계획을 입안하고 사업내용에 삼창가공부지 매입관련 사업을 포함시키겠음.,Park,6,2.720001,4.676379,2.7548916,2.8096254,4.197632,3.324258,3.6208897,2.7793508,3.2103925,4.6046515,3.25968,3.9784584,2.479403,3.69306,3.394618,2.9062707,3.9326744,3.4921575
Park_0624,‘역사생태지구’와 ‘손바닥 카페’를 만들겠습니다,Park,6,5.776129,8.636906,3.2010498,2.094727,6.412717,3.5763123,5.0408907,2.8278866,3.5563827,5.1840987,3.5114212,4.690727,2.9050999,4.348052,3.475222,2.682058,4.209427,3.4253716
Park_0627,"자 동차 부품 산업단지, 조선해양부품 산업단지, 자동차 조선, 해양 융합 산업단지, 그린에너지 소재단지 및 연구시설",Park,6,6.1886177,8.193156,2.6818817,2.0331972,5.5937862,4.8776274,4.845566,3.7697692,3.7658966,5.965758,4.274106,5.0222235,2.9710922,5.2251077,4.290452,3.5007288,4.916792,4.089271
Park_0632,월곶역 교각하부 유휴부지 활용한 월곶 체육공원 조성,Park,6,3.711969,4.6006603,3.438462,2.0004897,4.7226095,3.1873336,3.838906,3.2000089,3.3123221,5.1721487,3.7178252,4.567107,2.5435376,4.5397635,3.7120948,3.7172906,4.101913,4.0677896
Moon_0019,"산림교육의 활성화에 관한 법률, 목재의 지속가능한 이용에 관한 법률, 산림복지 진흥에 관한 법률 등 산림에서 의 미래 「 JH 찾겠습니",Moon,6,6.9026594,9.714774,1.9675281,0.44320494,5.9789114,4.0975757,5.272929,3.4928718,3.3824227,5.458101,3.8635933,4.426584,2.6272278,4.786156,3.7491856,2.5455408,4.2393656,3.0004125
Moon_0020,"산림교육의 활성화에 관한 법률, 목재의 지속가능한 이용에 관한 법률, 산림복지 진흥에 관한 법률 등 산림에서 의 미래 「 JH 찾겠습니",Moon,6,6.9026594,9.714774,1.9675281,0.44320494,5.9789114,4.0975757,5.272929,3.4928718,3.3824227,5.458101,3.8635933,4.426584,2.6272278,4.786156,3.7491856,2.5455408,4.2393656,3.0004125
Moon_0021,"산림교육의 활성화에 관한 법률, 목재의 지속가능한 이용에 관한 법률, 산림복지 진흥에 관한 법률 등 산림에서 의 미래 「 JH 찾겠습니",Moon,6,6.9026594,9.714774,1.9675281,0.44320494,5.9789114,4.0975757,5.272929,3.4928718,3.3824227,5.458101,3.8635933,4.426584,2.6272278,4.786156,3.7491856,2.5455408,4.2393656,3.0004125
Moon_0022,"산림교육의 활성화에 관한 법률, 목재의 지속가능한 이용에 관한 법률, 산림복지 진흥에 관한 법률 등 산림에서 의 미래 「 JH 찾겠습니",Moon,6,6.9026594,9.714774,1.9675281,0.44320494,5.9789114,4.0975757,5.272929,3.4928718,3.3824227,5.458101,3.8635933,4.426584,2.6272278,4.786156,3.7491856,2.5455408,4.2393656,3.0004125
Moon_0023,"산림교육의 활성화에 관한 법률, 목재의 지속가능한 이용에 관한 법률, 산림복지 진흥에 관한 법률 등 산림에서 의 미래 「 JH 찾겠습니",Moon,6,6.9026594,9.714774,1.9675281,0.44320494,5.9789114,4.0975757,5.272929,3.4928718,3.3824227,5.458101,3.8635933,4.426584,2.6272278,4.786156,3.7491856,2.5455408,4.2393656,3.0004125
Moon_0076,탈바꿈 둘레길을 조성해 환경벨트 TS :: 지역공동체와 연계된 사회적 일자리 창출 ! 서울을 이끔니다,Moon,6,2.0976398,5.707834,3.6001525,3.1753387,5.235796,3.6233165,4.168932,2.6976638,3.4221323,4.6505575,2.8192842,4.0046,2.6853356,3.2802386,3.2519808,2.2811816,4.0079966,3.1365385
Moon_0077,친환경에너지를 활용한 에너지 자립도 향상,Moon,6,3.2019632,8.069434,2.1592844,1.2245759,4.531494,4.6154213,4.5388155,3.3489604,3.2561064,5.484534,3.5315337,4.0083184,2.361898,4.2539206,3.9012299,2.6565855,4.2026744,3.1041322
Moon_0105,대규모투자유치로 지역경제 선도.해외관광객 유치와일자리 막대한경제효과창출 세계 최초 해안형 '새만금 수목원 조성(~) 근대역사문화관광벨트 도시재생과 연계 원도심 도시재생선도사업 도심 특화거리조성을 동한원 원 eA “aaj eu we sa,Moon,6,4.846122,7.705122,3.2968657,2.7458549,6.1109715,3.8269022,4.9633474,3.1026173,3.7888153,5.2464695,3.6003394,4.772519,2.9459357,4.2507253,3.6324792,2.8166056,4.4646344,3.6328406
Moon_0111,스마트 산업단지로 탈바꿈 :: 문화관광 일자리 창출 력 있는 새로운 인구 유입 대비해 수궁동의 오래된 :: 활력 na 빅 빌라들의 재건 a Pha 개봉역 남부 역세상권의 활성화와 일자리 증가 연계 ㄱ ㅁㅜ KBS 송신소 부지 개발과 창의적성 oO H 으 즈 푸른수목원과 항동 철길을,Moon,6,4.374852,6.3643684,4.008721,2.8681793,6.5108557,2.9507325,4.82306,2.9572554,3.664741,4.899378,3.1715798,4.667408,2.8641572,3.9323196,3.2906113,2.6540205,4.2442055,3.486506
Moon_0118,바이오 부품소재 신에너지신업 육성 극한엔지니어링 연구단지 조성(영일만산단,Moon,6,3.5989087,9.424564,2.0914128,0.5097375,5.4487324,5.4109325,5.158698,3.7253752,3.637007,6.2470503,4.3187323,4.9012504,2.544868,5.0829086,4.409527,3.29256,4.6588387,3.6987042
Moon_0131,웰빙 환경도시 철마 고부가가치 농축산산업과 친환경 생태도시로 자리매김합니 oF 의!,Moon,6,3.7305124,7.724293,3.2145765,2.1957252,6.1199303,4.317759,4.9060583,3.2323532,3.599658,5.4211025,3.4969504,4.568977,2.8287263,4.166397,3.7376804,2.645165,4.4664955,3.3698783
Moon_0153,신재생에너지산업 육성 x | rik 서귀포가 제주의 발전을 주도하는 시대를 열겠습니,Moon,6,6.958659,7.287891,2.3670623,2.555051,5.537241,3.1111856,4.644148,3.1205602,3.3659346,4.6879053,3.321614,4.110436,2.7745862,4.0498166,3.2762628,2.2292342,4.1929812,2.944141
Moon_0175,시민들의 휴식공간 쌈지공원 보존 : 안양천변 도로개설 부분 확보 근 더 편리하게,Moon,6,3.7716832,5.5952034,4.1503887,2.5819325,5.804531,2.3772004,4.4418697,2.772729,3.4728441,5.0854135,3.3227525,4.600039,2.7152214,4.1938043,3.4670534,3.2621708,4.052148,3.830893
Moon_0181,친환경 자동차 부품산업 전용산단 육성,Moon,6,3.510455,7.4239326,3.8474567,3.366255,6.0449085,4.4433904,5.052127,3.4596214,3.9867578,5.9690332,3.5876834,4.7533717,3.0918608,4.3596196,4.1327457,2.8850436,4.9447823,3.726108
Moon_0187,"x & © ay 디 마을도서 | 주택난 해소로 청년을 은 지원방안 마련 | 북한산 alee 및 휴 | 마을공동체 활성화 자 | 은평 대 경제권역 전략 수 | 구파발역 신상권 지역주민 | 자영업자에게 혜택과 활력을 | 신분당선, GIX 노선공유 [원 [ | 북한산 큰 숲",Moon,6,4.6942263,6.1693687,3.8499703,1.5815892,6.9089966,3.7165935,4.561207,3.209805,3.3314106,4.8847756,3.185667,4.6033483,2.879221,4.0913653,3.2928357,2.5690522,4.149882,3.2372837
Moon_0190,선의 지하차도화를 진행하고 그 일대를 문화예술 공원으로 조성하겠습니,Moon,6,4.900189,7.3557405,3.8555584,2.6362045,5.8664255,3.989412,4.758134,3.2545881,3.8098462,5.565016,3.8437092,5.1708317,2.9034219,4.808564,3.8785362,3.5615625,4.6127787,4.302795
Moon_0201,대기업을 유치해 부산지역 영서식품산업체와 연계해 수산식품 산업단지 조성 글로벌 i 수산기업 및 수산식품 관련 대기업을 유 st 감천항 제수신물도매시장과 연계하여 수산전문 전시컨벤션 기능 포함한 복합 비지니스 업무단지 조성 수산테마공원과 부산어묵 체험마을을 조성하여 부산의 명소로 개발,Moon,6,4.9152493,8.344708,3.8593822,3.117039,6.5329256,5.063804,5.247673,3.597602,4.2581625,5.9144583,4.0971594,5.4633284,3.2508273,4.8922915,4.1797233,3.4203632,5.1098537,4.3474035
Moon_0202,대기업을 유치해 부산지역 영서식품산업체와 연계해 수산식품 산업단지 조성 글로벌 i 수산기업 및 수산식품 관련 대기업을 유 st 감천항 제수신물도매시장과 연계하여 수산전문 전시컨벤션 기능 포함한 복합 비지니스 업무단지 조성 수산테마공원과 부산어묵 체험마을을 조성하여 부산의 명소로 개발,Moon,6,4.9152493,8.344708,3.8593822,3.117039,6.5329256,5.063804,5.247673,3.597602,4.2581625,5.9144583,4.0971594,5.4633284,3.2508273,4.8922915,4.1797233,3.4203632,5.1098537,4.3474035
Moon_0210,청계산 대왕저수지 (맛 물 숲) 명품 휴양공간 조성,Moon,6,5.3251805,6.868319,3.7181673,2.4235916,6.4703646,4.0902777,4.892889,3.640123,3.6896992,5.764572,3.7360878,4.9727955,3.0161834,4.7694707,3.9707785,3.1112292,4.818578,3.8234072
Moon_0217,정자동 카페거리 명품화 지원 및 녹지 조성,Moon,6,6.165846,7.6746645,2.9897037,3.2292447,4.9798355,4.83042,4.1472664,3.0323567,3.5902362,5.008124,3.57939,4.5013757,3.0683956,4.3635902,3.6439743,2.8225307,4.440828,3.7313108
Moon_0254,"자동차 전용 임대산단 조성, 친환경 자동차 혁신 클러스터 조성, 특화분야 유망기술 개발",Moon,6,4.5485353,6.5788445,3.3441367,3.368856,5.0324984,3.7347345,4.4470296,3.179658,3.5990899,5.209717,3.2788935,4.2211957,2.836863,4.0735726,3.6925106,2.7066617,4.463618,3.4707375
Moon_0255,광명의 새로운 관광자원 개발 주민 소득 증대 배수지 옆 주치장 및 쳐육공원 신설 를 광명~서울 고속도로 지하화!,Moon,6,2.938295,5.7811112,4.1519194,3.1164708,5.8648033,3.1897306,4.51857,2.8506556,3.5633914,4.8558784,2.8565156,4.2438555,2.8002462,3.5424676,3.2848883,2.3998532,4.1255994,3.22688
Moon_0263,"신재생타운법」 제정 추진 고품격 주택단지의 재구성은 아파트 이상의 주거환경과 가치를 보장할 것임 률 상향을 통한 주거환경 개선, 공공시설 확보, 도로 확장, 공용주차장 구축 등 추진 그 ㅇ © 예술가와 설계사가 협업을 통해 주택 및 공공시설 무료설계 지원, 아름다운 마을 가꾸기",Moon,6,1.4930494,4.709296,3.2887006,1.1614221,5.297517,3.23221,4.0705214,3.0170054,3.275827,5.3473244,3.8389678,4.826901,2.3155012,4.3834014,3.7366285,3.696562,3.9788983,3.9859405
Moon_0269,이미 부지의 %는 공원화 하기로 결정되었습니,Moon,6,2.9275546,6.0859113,3.1164582,2.2012482,4.310993,2.7359176,4.4691257,3.076663,3.3324363,4.639132,2.9909358,3.9345012,2.1024451,3.7108774,3.2468243,2.7506356,3.893405,3.2196245
Moon_0278,"# 야간경관조명, 고사분수 및 수상공연장 설치 ㅁ여주 도자세상을 리모델링해 창조센터 건립 #당남섬 국제대학가요제 활성화 및 국제열기구 대회유치 책 읽는 마을, 숲 치유센터 건립 #체육시설화충(음면동별 체육관 완비, 능서 테니스장 확장, 탁구전용 체육관 건립, 양섬 야구장 확장,",Moon,6,4.3010626,8.03184,4.2696085,2.486916,7.524394,3.9028823,5.587186,3.3927455,4.2522783,6.0876646,4.1950784,5.739267,3.203166,4.9532394,4.1304235,3.655839,4.905181,4.432541
Moon_0279,"# 야간경관조명, 고사분수 및 수상공연장 설치 ㅁ여주 도자세상을 리모델링해 창조센터 건립 #당남섬 국제대학가요제 활성화 및 국제열기구 대회유치 책 읽는 마을, 숲 치유센터 건립 #체육시설화충(음면동별 체육관 완비, 능서 테니스장 확장, 탁구전용 체육관 건립, 양섬 야구장 확장,",Moon,6,4.3010626,8.03184,4.2696085,2.486916,7.524394,3.9028823,5.587186,3.3927455,4.2522783,6.0876646,4.1950784,5.739267,3.203166,4.9532394,4.1304235,3.655839,4.905181,4.432541
Moon_0283,서창천 생태복원 사업(풍암호수 수질개선) 억원,Moon,6,3.9354043,4.039195,3.1398451,1.924982,5.848795,2.81287,4.050235,3.2827573,3.0174088,4.7773757,2.9960918,3.9466834,2.6007504,3.6947584,3.256281,2.3133614,3.9820352,2.8463836
Moon_0296,"년 서부간선도로 지하화 완공으 구로와 안양천을 한 몸으로 잇는 안양천 숲길 공원 탄생 년 구로기지창 광명 이전 주진, 구로공구상가 리모델링으로 공원형 관광 명소로 탈바꿈, 구로디지털단지의 첨단 복합 문화공간 탄생 이제 명실상부 서울 서남권 Hy FEE 박영선의",Moon,6,5.475745,5.98095,3.7679107,1.6081791,7.116789,2.7868135,4.6907463,3.0558276,3.407272,4.8686504,3.4535608,4.909239,2.838828,4.3296423,3.2321725,2.9370127,4.06961,3.5639
Moon_0297,중앙공원을 걷기 편한 공원으로 리모델링 수내 공원 내 도서관과 다목적체육관 건립 수내동 복합 주민센터 신축추진 신해철 명품거리 조성,Moon,6,2.5123436,5.591354,4.3817043,2.1888933,6.0750313,3.377768,4.5867796,3.168271,3.7884629,5.85197,3.9623806,5.3575754,2.7790298,4.811918,4.029777,4.02456,4.5034237,4.524024
Moon_0309,공단차단녹지를주민휴 (가족 바베큐장 설치 포 으 브 m r a,Moon,6,6.7136507,7.0903325,2.3322725,1.5881642,5.095278,3.1758633,4.04077,2.753653,2.7986906,4.5988464,3.1012216,3.7327538,2.6027384,4.093194,3.1632953,2.2318199,3.7401028,2.7647161
Moon_0311,"© '공공임대주택분양전환가제한특별법, 최무선마련 @분당재건축의시작 맞춤형 리모델링사업중단없는 추진 @직장인근로자들을위한임대주택마련 @탄천지상테마공원조기완공 @ 백련유원지조기개발 @서판교소방서신설 분당 판교를 청년창업과 TAY 발전의 메카로 키우겠습니다",Moon,6,1.7587209,6.3444643,3.7909439,2.8291295,4.6124554,3.7753136,4.4895124,3.1070566,3.8329966,5.562243,3.705214,4.659104,2.586491,4.299908,4.0141277,3.5471122,4.42218,4.135776
Moon_0323,:체육활동이 가능한 생활공원 조성(정명약수터) 즈 츠 A 지역경제 SU SLE 소사권역,Moon,6,3.5994296,8.100962,2.976147,1.6711682,6.5341616,3.348959,5.284541,2.9999661,3.6607282,5.1963844,3.6527274,4.8454556,2.5996785,4.1677375,3.5119362,2.902894,4.2089906,3.5174255
Moon_0348,"구 oer 신재생에너지, 이제 al 아니라 Sa ; ; OIL 바이오에너지 HIZO 등 등 신재생에너지로 만드는 까끗한 환경!",Moon,6,4.9087105,7.4225335,2.825768,2.2453592,5.181587,4.1334324,4.6082773,3.4076376,3.4598472,5.729034,3.7115862,4.4003005,2.7762437,4.609674,4.029362,2.9263864,4.5830717,3.493487
Moon_0350,운정 호수공원 리모델링 및 빚축제 유치,Moon,6,5.286144,7.4342566,3.5919948,1.766214,6.3341675,3.664397,5.336627,3.8435473,3.9395716,6.1149077,4.162462,5.2402773,2.8604922,5.1454973,4.181197,3.5509353,4.843244,4.0521975
Moon_0370,"별천지공원 리모델링 고속도로 및 주민복합센터 건립 Alea} 만덕을 직통으로 연결하는 대심도 주민공동작업장, 공동육아, 공구도서관, SES 건설해 기존 분 소요되는 거리 생활체육시설, 동아리방 SS IE 주민 를 분으로 줄이겠습니",Moon,6,3.9803066,4.4049773,2.9683778,2.7469146,3.3601916,3.5822532,3.0191789,2.6016784,3.047841,4.5201554,3.2597792,3.8277388,2.5837822,3.9312143,3.3786845,3.1337526,3.7467275,3.6177397
Moon_0373,수변을 이용한 자전거도로 및 및 생태공원 조성,Moon,6,4.4641023,3.951171,2.868404,1.855726,3.9368935,2.1028333,3.391208,2.7475567,2.8270533,4.161037,3.0272853,3.650144,2.2553535,3.8026853,3.0121322,2.9110947,3.395727,3.2193384
Moon_0374,용현녹지 체육공원 문화예술 공간 조성,Moon,6,4.437781,7.5657024,3.7245576,1.7079538,6.5963926,3.282586,4.9638004,2.9326062,3.5693138,5.0637617,3.520483,5.009928,2.6798434,4.391533,3.394126,3.164411,4.1089272,3.8340192
Moon_0386,"철회유도(김경협 oto 부천 숙원사업 화장장(화성) 정부 심의 통고 공식 계획 빌표 억원 경제기반 도시재생 일자리 종 억원(국비 억원)투입계획 경제기반형 도시재생 선 | | 춘의<원미공업지역 디지 전거 주차장, 억 원) 어린이 천문대, 천문교육시설, 녹지 조성 |",Moon,6,2.8462975,6.9494624,5.1757703,3.0231726,6.550802,3.570347,5.1457844,3.2160854,4.016085,5.9140687,3.4565256,5.149552,2.9749408,4.5313754,3.9806924,3.4100444,4.720461,4.2259216
Moon_0392,"율곡학진흥원, 소프트웨어 체험관, 해중공원을 조성하여 다양한 관광객을 유치하겠습니다",Moon,6,3.241628,5.2076063,4.3843837,2.7526975,5.9895287,3.9572856,3.8784947,2.7715812,3.4355264,5.061145,3.30178,4.622725,3.0735984,4.131575,3.5492964,3.1344192,4.1603026,3.8754315
Moon_0399,도심공원 조성 포동 스포츠파크 기반시설 마련 체육공원 조성,Moon,6,1.682716,6.692602,3.9564273,2.2594316,5.902833,4.128172,4.916712,3.3813806,3.997903,6.1022305,4.155776,5.3652306,2.7601252,4.793679,4.2760463,4.017531,4.720396,4.551958
Moon_0402,화포천 습지생태학습관의 기능을 보강해 관광객 유치를 증대하겠습니,Moon,6,3.2653563,5.9656906,4.6736054,3.0666962,6.694084,2.90374,4.9078264,3.0401778,3.7191398,5.337284,3.0952713,4.6758904,2.935707,3.9628677,3.5338717,2.7634315,4.3884516,3.5766273
Moon_0403,우리동네 골목까지 살기 좋은 창원 = oC 주치장 확충 및 테니스장 설치 주치장 확충 창원청년센터 건립 산업역사문화박물관 건립 ＊ 내동초 체육관 건립 반송동 | _ teaneeee 생태친화적 주거환경으로 디지인된 = Ox 사파지구 재개발 사업 추진 귀곡~행암(국도호선),Moon,6,5.428159,7.1115594,3.7819188,1.8971959,7.079317,3.4852314,5.1596813,3.4741135,3.6636279,5.667947,3.7346435,5.0895925,2.9464126,4.752848,3.795607,3.0748324,4.628962,3.721068
Moon_0417,수색변전소 지중화와 상업 주거 종합문화 체육공원조성,Moon,6,3.319076,8.6175375,3.8139598,2.3418765,6.884369,4.2677426,5.6898746,3.5144043,4.1837664,6.2023473,4.078199,5.3899374,2.9702911,4.76634,4.219037,3.3839192,4.908193,4.1312304
Moon_0423,한양공원 창의놀이터 조성 완료 ! Sie,Moon,6,5.9025164,8.045404,3.7667434,2.2191207,6.697109,3.3233745,5.1874676,3.1180868,3.7697196,5.5980086,3.7731183,5.075598,3.0092378,4.7706966,3.7426844,3.1837404,4.489484,3.881875
Moon_0425,"이들 개 도심 하천 변이 자전거 길과 수변문화공원, 조깅코스, 자연 생태학습장 등으로 조성되면 서부산권 주민들의 휴식 으로 탈바꿈할 것으로 기대된",Moon,6,2.9223185,4.263794,3.4359717,2.2218993,4.1934314,2.264942,3.6934078,2.6695461,3.2100778,4.7435913,3.449238,4.35177,2.3005042,4.1518073,3.4041004,3.6039782,3.7623136,3.9386892
Moon_0427,"제일시장, 관광문화시장으로 재도약 문화와 여가를 즐길 수 있는 광진 나 련봉공원, 놀이시설과 체육시설 확충 랑천, 산책길과 자전거도로를 정비, 안전한 어린이 물놀이시설 설치 추진 b [도 ox!",Moon,6,4.5904675,6.7338834,3.4622364,2.3341417,6.3119507,3.1024036,4.924732,3.1456814,3.707048,5.298771,3.7362344,4.96156,2.797937,4.441193,3.6288285,3.1840835,4.410592,3.8333983
Moon_0442,"철도폐선부지 웰빙공원 소성 등 현안해결 o 참조기 금어기 조정, 불법조업중국어선 단속 강화, 목포 저소득층주거지역 『바관교체사업 년 연장, 목포신 호님센<증차 증편,신 수협목포무선통신국 신축, 수산식품지원센터 건립, 서남권해 a as 항 포항 내 갈치 [이용 |S}",Moon,6,5.083439,7.1406374,2.8051484,1.5715066,5.619437,3.350444,4.6045847,3.1018062,3.290226,5.1328,3.5387414,4.373642,2.5983086,4.3569145,3.5450983,2.785189,4.111028,3.3296561
Moon_0449,"비산먼지와 소음으로부터 해방, 쾌적한 AMES 제서울숲 이미지 미래성장문화도시 마곡개발 완성 Ｌ사이언스파크 기공식 마곡개발의 첫삽을 E 김성태가 마무리도 책임지겠습니다!",Moon,6,3.4501622,5.1742535,4.5287867,2.46161,6.8687563,3.3394933,4.6180525,3.2845178,3.6952405,5.5318866,3.6177347,5.1524343,2.9824324,4.4736867,3.749187,3.421371,4.5093555,4.093694
Moon_0455,그 쌈지공원 자투리땅 휴식공간 골목산업 zag 자리 원 마련 (청년서) 대 ㅅ 중재 응 + 확 육복 계층 일자리 적 ol a <.,Moon,6,4.607893,7.078278,3.963037,2.526795,6.871005,3.6263163,5.100996,3.3269377,3.843177,5.7302303,3.7954714,5.1540112,3.0552678,4.650528,3.8821535,3.2324574,4.68175,3.969274
Moon_0460,체육시설과 녹지공원이 어우러진 중랑천 개발 .,Moon,6,4.517518,7.5435624,4.0764914,2.0989432,6.3990946,3.7219405,5.1767426,3.4157028,3.9723265,5.69561,3.97431,5.4102306,2.848287,4.9224386,3.92105,3.712145,4.6089525,4.363718
Moon_0464,"| og HE a 우 )무 도 | 므 OM so E "" 」 g° 모 H jor : ah i | | 건 S ro EI to we J = SEH 규제의 합리적 개선 추진 기업 간 상생 발전 및 다양한 일자리 창출 『 도심공원시설 설치 지원",Moon,6,6.205052,7.6180596,2.182763,2.032225,5.352478,3.1943429,4.687457,3.0892673,3.3186858,4.8615675,3.447188,4.1145644,2.64044,4.140769,3.385148,2.4235172,4.112097,3.012269
Moon_0468,"신분당선 복합역사 설치 문화예술 중심, 세종로공원 제예술의 전당"" 건립 서부지역 복지관 건립, 해맞이동산 어린이전용공원조성 Al Oo OP 월동 마을 통행로 엘리베이터 설치 | = 성곽마을 공동체 활성화, 도시농업 선도지역 육성 ＊ 파수꾼, 교남파출소 신축 안산 연결 친환경",Moon,6,3.789153,5.969124,4.068644,2.3641436,6.1427546,3.2207835,4.7248573,3.2937865,3.6332185,5.6031675,3.614404,4.8499827,2.8082552,4.5363603,3.8314137,3.3209553,4.471799,3.9113555
Moon_0475,SEN 둘레길 및 체육공원 조성 추진,Moon,6,4.7582517,5.61206,3.2258604,2.6963978,4.630353,2.8671749,4.1802254,3.1221185,3.4434206,4.792408,3.3820512,4.2075596,2.593892,4.1291733,3.4466772,3.1197793,4.0651383,3.6460552
Moon_0478,"교육국제화특구 지정 및 초 중 고 학교 설립 차질없이 추진 @신써계아울렛 및 유럽풍쇼핑단지조성 @문화공연시설 및 어린이 도서관(도델하우스 리모델링) @배곧 완공기념 마라톤:걷기대회, 기념음악회 추진 me a |꼬통이편 편리한 공원도시 배곧 @아파트단지에 주차장 확충 및 광역버스노선",Moon,6,2.0727437,7.956602,5.0916915,3.0007062,7.5785007,4.1651382,5.8823214,3.539494,4.6333466,6.799325,4.4185257,6.165604,3.23904,5.1866884,4.6234355,4.2175627,5.322782,5.0040655
Moon_0490,|여 개 일자리 리도 = 우량기업유 한 ㅎ K 스터 소기 구죽 러 @ 김제공항 부지 국가종자산업 클러스터 활용 @ 신재생 에너지 기 KU Oo Ho dl 그 WH 느 꽤 if 소가 떠나지 않는 도시 미,Moon,6,1.8792639,5.9599433,3.461922,3.4645672,5.100075,3.9753933,4.016321,2.501089,3.4496255,4.9325047,3.0930684,4.197733,2.8095212,3.489767,3.4664698,2.5511262,4.1473126,3.4332876
Moon_0491,|여 개 일자리 리도 = 우량기업유 한 ㅎ K 스터 소기 구죽 러 @ 김제공항 부지 국가종자산업 클러스터 활용 @ 신재생 에너지 기 KU Oo Ho dl 그 WH 느 꽤 if 소가 떠나지 않는 도시 미,Moon,6,1.8792639,5.9599433,3.461922,3.4645672,5.100075,3.9753933,4.016321,2.501089,3.4496255,4.9325047,3.0930684,4.197733,2.8095212,3.489767,3.4664698,2.5511262,4.1473126,3.433288
Moon_0500,방음 터널 억 신촌동 무궁화단지 방음벽 설치 억 등 공공 디자인을 통한 도시 미관 정비 억 GB 평촌동 대림아파트 SEAS 개선 촌 학원가 공공 디자인 개선 억 호계시장 투명 덮개 설치 억 HD SAAS 공영 주차장 및 공중화장실 억 중앙공원,Moon,6,3.4314213,4.7162347,3.9292297,2.4227111,5.2733946,2.7962952,4.159464,3.1511493,3.3956838,5.2047114,3.3184714,4.305041,2.670257,4.189766,3.6367183,3.1641417,4.1276207,3.6477218
Moon_0510,"KE, 클래식, 패션, 녹지 등 문화 쇼핑 휴식이 함께하는 공원이자 문화단지로 만들겠습니",Moon,6,3.1929808,8.519834,4.344226,2.459124,7.3599606,4.245238,5.7808714,3.510127,4.308453,6.4093494,4.2020936,5.768695,3.0856419,4.9787264,4.3349643,3.6838512,5.047408,4.4599514
Moon_0517,해운대수목원 완성 과거 쓰레기 매립장이었던 석대동 SUCHE 명품 도시숨으로 완성하여 반송주민들의 주민들의 편안한 안식처로 만들겠습니,Moon,6,3.6854265,5.997535,4.4714217,2.7967305,6.2112293,3.418583,4.8276005,3.4219847,3.8338337,5.8598447,3.669598,4.9578605,2.9615731,4.642551,4.023105,3.437138,4.6999607,4.0758243
Moon_0526,"첨 = 제차 국가 BHA 노 ㅁ 시내버스, Of 테마 생태공원 산 해 구름 [ 보.",Moon,6,2.741673,6.0174823,4.7073174,3.2803032,6.38737,3.1472912,5.077237,3.3844848,4.13152,6.211556,3.9652379,5.3153086,3.026885,4.789662,4.2732754,3.8958435,4.910983,4.520746
Moon_0528,"용산상당옆도화소공원리또델림, 유휴부지공 망 oul 재활용센터이전 [ 도화동.",Moon,6,3.823091,5.527995,4.0736585,2.6354911,5.4791403,2.7622857,4.4895544,3.1566415,3.521537,5.4124193,3.4010568,4.5406656,2.6825051,4.3998947,3.729642,3.2623982,4.333563,3.8221202
Moon_0534,"‘ Sk 류 < 비즈니스 센터' 건립을 통해 < 비즈니스 복합단지 조성 및 ‘K product 비즈니스 박람회' 개최, @.석 규모의 대공 @ 다양한 문 ㅇㅎㄴㄴㄴ © 진위천의 생태환경 연장과 석 규모의 소공연장 화 예술 공연과 시민늘이 자발적으로 '국제 웹시리즈",Moon,6,2.6289515,7.0133457,3.3759184,2.566248,6.26073,4.1301956,4.9324627,3.1924806,3.9051988,5.384657,3.8092668,5.019771,2.844059,4.2008085,3.7947817,3.2047787,4.530889,3.948833
Moon_0537,오신환은 신림선 사업의 조속한 추진을 위해 당초 예정된 정부 예산에서 억원을 추가 증액시킨 억원의 신림선 난곡선 난황동 보라바공원 uss 서울다정문 예산을 확보했습니다!,Moon,6,4.330058,4.6643195,3.383043,2.0441697,6.354663,3.2369614,4.0195284,3.065462,3.0042896,4.6440263,2.9303637,4.075447,2.7995815,3.6854978,3.1646433,2.2344625,3.9740958,2.90199
Moon_0547,예산전문가 / 교육학박사 ( 죽미령\초전 기념 평화공원 에듀파크 미니어처 등) Boss 세느강으로 오색시장 오매장터 문화관광지 조성 ‘ 추정총사업 % 총사업비 억 /치험문화관광지 「 } 아모레퍼시픽과 아름다운 오산천 가꾸기 세교~동탠) 오산천~한강 오산시민회관 재건축,Moon,6,3.4660335,6.5190663,4.6430273,2.991858,7.0254593,4.1634226,4.9888973,3.3550272,4.1577396,6.1391344,4.109072,5.6347694,3.3023133,4.908263,4.2302237,3.7916024,4.9939504,4.576626
Moon_0548,문화 체육공원 조성 갑과 | SLE 개 단지 조성 관광 김기선 행복한삶 함께만들어가겠습니,Moon,6,4.870382,9.002619,3.5231345,1.8054985,7.165863,3.8205285,5.631157,3.232212,4.058935,5.779658,4.1778436,5.5618153,2.9616542,4.899268,3.9061031,3.494714,4.62348,4.1792274
